id_departamento,departamento,provincia,cant de personas en nivel_inicial,cant de personas en jardin_de_infantes,cant de personas en primario,cant de personas en secundario,cant de personas en adulto,total poblacion
2007.0,COMUNA 1,CABA,5368,6851,17398,14659,176725.0,221001.0
2014.0,COMUNA 2,CABA,3095,3521,8758,9155,136080.0,160609.0
2021.0,COMUNA 3,CABA,4021,5197,13857,12322,158140.0,193537.0
2028.0,COMUNA 4,CABA,5724,8119,22520,18869,171792.0,227024.0
2035.0,COMUNA 5,CABA,3669,4779,13029,11616,159356.0,192449.0
2042.0,COMUNA 6,CABA,4024,5158,13889,12281,166412.0,201764.0
2049.0,COMUNA 7,CABA,4653,6129,17292,15351,169837.0,213262.0
2056.0,COMUNA 8,CABA,6126,8442,23918,20127,145275.0,203888.0
2063.0,COMUNA 9,CABA,3558,5015,14531,13545,131259.0,167908.0
2070.0,COMUNA 10,CABA,3510,4745,13286,12254,138101.0,171896.0
2077.0,COMUNA 11,CABA,3987,5321,14922,13918,163757.0,201905.0
2084.0,COMUNA 12,CABA,5266,6676,17210,14615,191597.0,235364.0
2091.0,COMUNA 13,CABA,5504,6553,17774,16311,216188.0,262330.0
2098.0,COMUNA 14,CABA,5214,5701,14539,13329,208469.0,247252.0
2105.0,COMUNA 15,CABA,4060,5328,14068,12311,159498.0,195265.0
6007.0,ADOLFO ALSINA,BUENOS AIRES,560,732,1697,1437,12918.0,17344.0
6014.0,ADOLFO GONZALES CHAVES,BUENOS AIRES,427,523,1401,1170,9326.0,12847.0
6021.0,ALBERTI,BUENOS AIRES,409,495,1378,1198,9426.0,12906.0
6028.0,ALMIRANTE BROWN,BUENOS AIRES,18574,25188,67913,58227,413307.0,583209.0
6035.0,AVELLANEDA,BUENOS AIRES,9616,13168,37082,32476,273775.0,366117.0
6042.0,AYACUCHO,BUENOS AIRES,714,985,2442,2150,15466.0,21757.0
6049.0,AZUL,BUENOS AIRES,2304,3086,8219,7066,54477.0,75152.0
6056.0,BAHIA BLANCA,BUENOS AIRES,10099,12522,33944,28746,249194.0,334505.0
6063.0,BALCARCE,BUENOS AIRES,1665,1973,5070,4268,35540.0,48516.0
6070.0,BARADERO,BUENOS AIRES,1528,1697,4372,3818,27808.0,39223.0
6077.0,ARRECIFES,BUENOS AIRES,1209,1435,3542,2961,22930.0,32077.0
6084.0,BENITO JUAREZ,BUENOS AIRES,692,916,2277,2015,15285.0,21185.0
6091.0,BERAZATEGUI,BUENOS AIRES,10963,14843,41462,35467,255593.0,358328.0
6098.0,BERISSO,BUENOS AIRES,3377,4327,11779,9722,71480.0,100685.0
6105.0,BOLIVAR,BUENOS AIRES,1240,1590,3857,3206,27301.0,37194.0
6112.0,BRAGADO,BUENOS AIRES,1476,1884,4807,4203,33857.0,46227.0
6119.0,BRANDSEN,BUENOS AIRES,1113,1475,3997,3510,22255.0,32350.0
6126.0,CAMPANA,BUENOS AIRES,3492,4628,12587,10846,76423.0,107976.0
6134.0,CAÑUELAS,BUENOS AIRES,2650,3575,9538,7497,47282.0,70542.0
6140.0,CAPITAN SARMIENTO,BUENOS AIRES,555,625,1713,1441,11548.0,15882.0
6147.0,CARLOS CASARES,BUENOS AIRES,752,979,2491,2110,16573.0,22905.0
6154.0,CARLOS TEJEDOR,BUENOS AIRES,479,628,1557,1266,10077.0,14007.0
6161.0,CARMEN DE ARECO,BUENOS AIRES,658,785,1927,1709,12266.0,17345.0
6168.0,CASTELLI,BUENOS AIRES,344,416,1013,904,6874.0,9551.0
6175.0,COLON,BUENOS AIRES,902,1112,2851,2561,19980.0,27406.0
6182.0,CORONEL DE MARINA L ROSALES,BUENOS AIRES,2021,2684,7353,6424,47341.0,65823.0
6189.0,CORONEL DORREGO,BUENOS AIRES,499,632,1609,1418,11637.0,15795.0
6196.0,CORONEL PRINGLES,BUENOS AIRES,815,1075,2791,2166,17263.0,24110.0
6203.0,CORONEL SUAREZ,BUENOS AIRES,1308,1573,4418,3537,30877.0,41713.0
6210.0,CHACABUCO,BUENOS AIRES,1578,1940,5344,4811,38736.0,52409.0
6218.0,,,1294,1873,4976,4223,29825.0,42191.0
6224.0,CHIVILCOY,BUENOS AIRES,2173,2733,7181,6479,51988.0,70554.0
6231.0,DAIREAUX,BUENOS AIRES,605,790,1986,1828,13119.0,18328.0
6238.0,DOLORES,BUENOS AIRES,1171,1398,3369,2998,22469.0,31405.0
6245.0,ENSENADA,BUENOS AIRES,2057,2860,7776,6660,44625.0,63978.0
6252.0,ESCOBAR,BUENOS AIRES,9606,12294,31983,25714,176474.0,256071.0
6260.0,ESTEBAN ECHEVERRIA,BUENOS AIRES,12180,15490,41112,34241,234857.0,337880.0
6266.0,EXALTACION DE LA CRUZ,BUENOS AIRES,1495,1929,4920,3860,27832.0,40036.0
6270.0,EZEIZA,BUENOS AIRES,7330,9825,25615,21089,134761.0,198620.0
6274.0,FLORENCIO VARELA,BUENOS AIRES,19960,24703,64455,52426,326559.0,488103.0
6277.0,FLORENTINO AMEGHINO,BUENOS AIRES,406,470,1275,1107,7501.0,10759.0
6280.0,GENERAL ALVARADO,BUENOS AIRES,1625,1945,4822,4254,32661.0,45307.0
6287.0,GENERAL ALVEAR,BUENOS AIRES,329,429,1137,912,7343.0,10150.0
6294.0,GENERAL ARENALES,BUENOS AIRES,557,655,1535,1404,12080.0,16231.0
6301.0,GENERAL BELGRANO,BUENOS AIRES,719,899,2272,1893,14891.0,20674.0
6308.0,GENERAL GUIDO,BUENOS AIRES,99,137,338,304,2279.0,3157.0
6315.0,GENERAL JUAN MADARIAGA,BUENOS AIRES,639,909,2637,2375,16006.0,22566.0
6322.0,GENERAL LA MADRID,BUENOS AIRES,392,474,1263,980,8426.0,11535.0
6329.0,GENERAL LAS HERAS,BUENOS AIRES,630,836,2054,1823,12637.0,17980.0
6336.0,GENERAL LAVALLE,BUENOS AIRES,169,250,636,493,3298.0,4846.0
6343.0,GENERAL PAZ,BUENOS AIRES,456,639,1705,1390,9951.0,14141.0
6351.0,GENERAL PINTO,BUENOS AIRES,519,585,1321,1175,9242.0,12842.0
6357.0,GENERAL PUEYRREDON,BUENOS AIRES,18327,23100,62565,57730,498847.0,660569.0
6364.0,GENERAL RODRIGUEZ,BUENOS AIRES,6329,7808,20970,15698,91510.0,142315.0
6371.0,GENERAL SAN MARTIN,BUENOS AIRES,12141,15897,44539,39634,332292.0,444503.0
6385.0,GENERAL VIAMONTE,BUENOS AIRES,799,1002,2538,2039,16152.0,22530.0
6392.0,GENERAL VILLEGAS,BUENOS AIRES,1287,1510,4006,3428,24824.0,35055.0
6399.0,GUAMINI,BUENOS AIRES,362,460,1189,1063,8588.0,11662.0
6406.0,HIPOLITO YRIGOYEN,BUENOS AIRES,354,435,1110,965,7717.0,10581.0
6408.0,HURLINGHAM,BUENOS AIRES,4945,6675,18866,16751,138124.0,185361.0
6410.0,ITUZAINGO,BUENOS AIRES,4475,6232,17692,16004,133580.0,177983.0
6412.0,JOSE C. PAZ,BUENOS AIRES,13198,16399,42316,34014,220600.0,326527.0
6413.0,JUNIN,BUENOS AIRES,3416,4127,10433,8728,74260.0,100964.0
6420.0,LA COSTA,BUENOS AIRES,3210,4245,11364,10072,71509.0,100400.0
6427.0,LA MATANZA,BUENOS AIRES,69872,87162,225872,181212,1273050.0,1837168.0
6434.0,LANUS,BUENOS AIRES,12105,16028,44506,39855,347587.0,460081.0
6441.0,LA PLATA,BUENOS AIRES,22815,29260,77998,67326,558675.0,756074.0
6448.0,LAPRIDA,BUENOS AIRES,369,532,1366,1152,8077.0,11496.0
6455.0,LAS FLORES,BUENOS AIRES,881,1101,2771,2543,19840.0,27136.0
6462.0,LEANDRO N. ALEM,BUENOS AIRES,622,739,1838,1700,12254.0,17153.0
6466.0,LEZAMA,BUENOS AIRES,188,255,639,570,4518.0,6170.0
6469.0,LINCOLN,BUENOS AIRES,1637,1843,4674,4080,32957.0,45191.0
6476.0,LOBERIA,BUENOS AIRES,603,699,1865,1638,13301.0,18106.0
6483.0,LOBOS,BUENOS AIRES,1441,1853,4668,4035,29421.0,41418.0
6490.0,LOMAS DE ZAMORA,BUENOS AIRES,22019,28806,76967,65257,492595.0,685644.0
6497.0,LUJAN,BUENOS AIRES,3651,4701,12341,10388,79030.0,110111.0
6505.0,MAGDALENA,BUENOS AIRES,893,1042,2768,2260,15690.0,22653.0
6511.0,MAIPU,BUENOS AIRES,358,503,1234,995,8163.0,11253.0
6515.0,MALVINAS ARGENTINAS,BUENOS AIRES,11378,14565,40319,34959,248180.0,349401.0
6518.0,MAR CHIQUITA,BUENOS AIRES,1096,1423,3622,3044,23788.0,32973.0
6525.0,MARCOS PAZ,BUENOS AIRES,2513,3460,8477,7148,43163.0,64761.0
6532.0,MERCEDES,BUENOS AIRES,2373,3084,7882,6753,50910.0,71002.0
6539.0,MERLO,BUENOS AIRES,20902,27105,71541,59718,402218.0,581484.0
6547.0,MONTE,BUENOS AIRES,824,1098,3031,2380,17283.0,24616.0
6553.0,MONTE HERMOSO,BUENOS AIRES,279,317,942,782,6124.0,8444.0
6560.0,MORENO,BUENOS AIRES,22270,28521,76357,60359,388251.0,575758.0
6568.0,MORON,BUENOS AIRES,7698,10346,28780,26584,256109.0,329517.0
6574.0,NAVARRO,BUENOS AIRES,673,828,2341,2082,13964.0,19888.0
6581.0,NECOCHEA,BUENOS AIRES,3009,3905,10545,9347,74677.0,101483.0
6588.0,9 DE JULIO,BUENOS AIRES,1701,2262,5830,4999,37574.0,52366.0
6595.0,OLAVARRIA,BUENOS AIRES,3714,4840,13055,11526,88876.0,122011.0
6602.0,PATAGONES,BUENOS AIRES,1227,1630,4262,3335,27045.0,37499.0
6609.0,PEHUAJO,BUENOS AIRES,1588,1886,4827,4284,32009.0,44594.0
6616.0,PELLEGRINI,BUENOS AIRES,289,373,831,610,5009.0,7112.0
6623.0,PERGAMINO,BUENOS AIRES,3856,4820,12264,10389,83659.0,114988.0
6630.0,PILA,BUENOS AIRES,160,248,592,441,3174.0,4615.0
6638.0,PILAR,BUENOS AIRES,15629,18864,49944,41528,267649.0,393614.0
6644.0,PINAMAR,BUENOS AIRES,1324,1719,4519,3979,27683.0,39224.0
6648.0,PRESIDENTE PERON,BUENOS AIRES,4607,5563,14476,11730,65618.0,101994.0
6651.0,PUAN,BUENOS AIRES,457,541,1459,1232,12702.0,16391.0
6655.0,PUNTA INDIO,BUENOS AIRES,401,535,1384,1047,8794.0,12161.0
6658.0,QUILMES,BUENOS AIRES,20378,26975,70881,60085,453455.0,631774.0
6665.0,RAMALLO,BUENOS AIRES,1522,1929,4707,4088,27402.0,39648.0
6672.0,RAUCH,BUENOS AIRES,528,669,1761,1519,12014.0,16491.0
6679.0,RIVADAVIA,BUENOS AIRES,792,942,2317,1873,13811.0,19735.0
6686.0,ROJAS,BUENOS AIRES,824,1027,2724,2362,18682.0,25619.0
6693.0,ROQUE PEREZ,BUENOS AIRES,489,615,1572,1316,9909.0,13901.0
6700.0,SAAVEDRA,BUENOS AIRES,651,785,2109,1799,16063.0,21407.0
6707.0,SALADILLO,BUENOS AIRES,1240,1476,3785,3339,25583.0,35423.0
6714.0,SALTO,BUENOS AIRES,1447,1728,4405,3794,27883.0,39257.0
6721.0,SALLIQUELO,BUENOS AIRES,287,366,963,846,6882.0,9344.0
6728.0,SAN ANDRES DE GILES,BUENOS AIRES,915,1236,3031,2583,18634.0,26399.0
6735.0,SAN ANTONIO DE ARECO,BUENOS AIRES,952,1168,2873,2569,19133.0,26695.0
6742.0,SAN CAYETANO,BUENOS AIRES,301,314,865,747,6691.0,8918.0
6749.0,SAN FERNANDO,BUENOS AIRES,4904,6594,17900,15461,126240.0,171099.0
6756.0,SAN ISIDRO,BUENOS AIRES,7569,9488,26323,25052,227546.0,295978.0
6760.0,SAN MIGUEL,BUENOS AIRES,10773,13979,37035,30653,235210.0,327650.0
6763.0,SAN NICOLAS,BUENOS AIRES,5789,6938,17845,15225,120860.0,166657.0
6770.0,SAN PEDRO,BUENOS AIRES,2616,3165,8283,7113,47176.0,68353.0
6778.0,SAN VICENTE,BUENOS AIRES,4354,5505,14032,10952,63086.0,97929.0
6784.0,SUIPACHA,BUENOS AIRES,446,535,1328,1257,8170.0,11736.0
6791.0,TANDIL,BUENOS AIRES,4268,5517,14723,12884,107286.0,144678.0
6798.0,TAPALQUE,BUENOS AIRES,387,486,1125,1059,7638.0,10695.0
6805.0,TIGRE,BUENOS AIRES,14157,18454,51961,45401,316318.0,446291.0
6812.0,TORDILLO,BUENOS AIRES,108,136,298,231,1755.0,2528.0
6819.0,TORNQUIST,BUENOS AIRES,427,570,1549,1238,10807.0,14591.0
6826.0,TRENQUE LAUQUEN,BUENOS AIRES,1845,2171,5326,4442,35344.0,49128.0
6833.0,TRES ARROYOS,BUENOS AIRES,1828,2432,6392,5392,45845.0,61889.0
6840.0,TRES DE FEBRERO,BUENOS AIRES,8886,12280,33616,30170,277367.0,362319.0
6847.0,TRES LOMAS,BUENOS AIRES,302,380,989,831,6588.0,9090.0
6854.0,25 DE MAYO,BUENOS AIRES,1208,1498,3733,3238,25734.0,35411.0
6861.0,VICENTE LOPEZ,BUENOS AIRES,6545,8348,22610,21312,221726.0,280541.0
6868.0,VILLA GESELL,BUENOS AIRES,1107,1476,4267,3801,26674.0,37325.0
6875.0,VILLARINO,BUENOS AIRES,1171,1415,3677,3288,23001.0,32552.0
6882.0,ZARATE,BUENOS AIRES,4430,5546,15431,13300,92708.0,131415.0
10007.0,AMBATO,CATAMARCA,156,218,439,401,3873.0,5087.0
10014.0,ANCASTI,CATAMARCA,106,137,334,322,2383.0,3282.0
10021.0,ANDALGALA,CATAMARCA,665,870,2037,2051,13922.0,19545.0
10028.0,ANTOFAGASTA DE LA SIERRA,CATAMARCA,68,74,241,174,1265.0,1822.0
10035.0,BELEN,CATAMARCA,1048,1434,3513,3350,21008.0,30353.0
10042.0,CAPAYAN,CATAMARCA,799,898,2244,2043,13487.0,19471.0
10049.0,CAPITAL,CATAMARCA,6195,8055,20132,17544,134540.0,186466.0
10056.0,EL ALTO,CATAMARCA,190,204,517,485,2979.0,4375.0
10063.0,FRAY MAMERTO ESQUIU,CATAMARCA,553,654,1651,1397,10369.0,14624.0
10070.0,LA PAZ,CATAMARCA,1091,1261,3146,2844,17999.0,26341.0
10077.0,PACLIN,CATAMARCA,145,172,512,450,3417.0,4696.0
10084.0,POMAN,CATAMARCA,434,554,1480,1321,8430.0,12219.0
10091.0,SANTA MARIA,CATAMARCA,941,1238,2998,2619,19026.0,26822.0
10098.0,SANTA ROSA,CATAMARCA,529,625,1476,1361,9326.0,13317.0
10105.0,TINOGASTA,CATAMARCA,890,1134,2784,2684,17762.0,25254.0
10112.0,VALLE VIEJO,CATAMARCA,1147,1520,3862,3346,24076.0,33951.0
14007.0,CALAMUCHITA,CORDOBA,2573,3329,8474,7104,53982.0,75462.0
14014.0,CAPITAL,CORDOBA,47657,58120,149261,132716,1110306.0,1498060.0
14021.0,COLON,CORDOBA,10637,13616,34951,29481,205826.0,294511.0
14028.0,CRUZ DEL EJE,CORDOBA,2526,3124,7539,6409,45150.0,64748.0
14035.0,GENERAL ROCA,CORDOBA,1313,1592,3828,3338,25993.0,36064.0
14042.0,GENERAL SAN MARTIN,CORDOBA,5545,6949,16719,13699,109485.0,152397.0
14049.0,ISCHILIN,CORDOBA,1382,1743,4159,3859,24880.0,36023.0
14056.0,JUAREZ CELMAN,CORDOBA,2487,3118,7504,6295,48913.0,68317.0
14063.0,MARCOS JUAREZ,CORDOBA,3515,4276,10712,9015,79768.0,107286.0
14070.0,MINAS,CORDOBA,156,215,499,454,3531.0,4855.0
14077.0,POCHO,CORDOBA,169,208,472,471,3750.0,5070.0
14084.0,PRESIDENTE ROQUE SAENZ PEÑA,CORDOBA,1291,1616,4130,3526,26988.0,37551.0
14091.0,PUNILLA,CORDOBA,6565,8649,22996,19945,161339.0,219494.0
14098.0,RIO CUARTO,CORDOBA,9807,11863,28900,24194,203215.0,277979.0
14105.0,RIO PRIMERO,CORDOBA,2424,2879,6664,5637,40577.0,58181.0
14112.0,RIO SECO,CORDOBA,612,712,1890,1619,10442.0,15275.0
14119.0,RIO SEGUNDO,CORDOBA,4071,4752,12120,10358,82010.0,113311.0
14126.0,SAN ALBERTO,CORDOBA,1425,1903,4666,3958,30077.0,42029.0
14133.0,SAN JAVIER,CORDOBA,2196,2613,7043,5838,45010.0,62700.0
14140.0,SAN JUSTO,CORDOBA,7899,9838,24255,21387,165572.0,228951.0
14147.0,SANTA MARIA,CORDOBA,5257,6745,16655,13320,97035.0,139012.0
14154.0,SOBREMONTE,CORDOBA,153,192,468,474,3094.0,4381.0
14161.0,TERCERO ARRIBA,CORDOBA,3991,5123,12660,10615,87818.0,120207.0
14168.0,TOTORAL,CORDOBA,911,1032,2627,2260,15643.0,22473.0
14175.0,TULUMBA,CORDOBA,537,621,1454,1262,10218.0,14092.0
14182.0,UNION,CORDOBA,3968,4780,12013,10336,82538.0,113635.0
18007.0,BELLA VISTA,CORRIENTES,2069,2328,5598,4349,30025.0,44369.0
18014.0,BERON DE ASTRADA,CORRIENTES,94,137,301,288,1988.0,2808.0
18021.0,CAPITAL,CORRIENTES,15480,19680,47808,40759,313719.0,437446.0
18028.0,CONCEPCION,CORRIENTES,1257,1534,3721,3145,16613.0,26270.0
18035.0,CURUZU CUATIA,CORRIENTES,2127,2522,6209,5270,35361.0,51489.0
18042.0,EMPEDRADO,CORRIENTES,697,877,2041,1795,12538.0,17948.0
18049.0,ESQUINA,CORRIENTES,1545,2117,4809,4256,26441.0,39168.0
18056.0,GENERAL ALVEAR,CORRIENTES,396,477,1086,936,6156.0,9051.0
18063.0,GENERAL PAZ,CORRIENTES,627,798,1916,1636,12039.0,17016.0
18070.0,GOYA,CORRIENTES,4076,4959,12729,11020,73439.0,106223.0
18077.0,ITATI,CORRIENTES,499,637,1491,1164,8155.0,11946.0
18084.0,ITUZAINGO,CORRIENTES,1783,2033,4878,4073,26000.0,38767.0
18091.0,LAVALLE,CORRIENTES,2025,2407,5545,4384,26045.0,40406.0
18098.0,MBURUCUYA,CORRIENTES,492,510,1317,1230,7992.0,11541.0
18105.0,MERCEDES,CORRIENTES,2316,2649,6120,4682,34040.0,49807.0
18112.0,MONTE CASEROS,CORRIENTES,1839,2277,5486,4434,31566.0,45602.0
18119.0,PASO DE LOS LIBRES,CORRIENTES,2478,2964,7451,6405,37480.0,56778.0
18126.0,SALADAS,CORRIENTES,1248,1455,3566,3134,19723.0,29126.0
18133.0,SAN COSME,CORRIENTES,731,902,2191,1708,14147.0,19679.0
18140.0,SAN LUIS DEL PALMAR,CORRIENTES,825,1037,2392,2129,14998.0,21381.0
18147.0,SAN MARTIN,CORRIENTES,693,819,1980,1694,9978.0,15164.0
18154.0,SAN MIGUEL,CORRIENTES,569,718,1758,1480,8175.0,12700.0
18161.0,SAN ROQUE,CORRIENTES,1026,1145,2726,2356,15429.0,22682.0
18168.0,SANTO TOME,CORRIENTES,3275,3709,9454,7725,47759.0,71922.0
18175.0,SAUCE,CORRIENTES,393,529,1251,1114,7095.0,10382.0
22007.0,ALMIRANTE BROWN,CHACO,1905,2184,5089,4604,24012.0,37794.0
22014.0,BERMEJO,CHACO,1216,1344,3431,2793,19276.0,28060.0
22021.0,COMANDANTE FERNANDEZ,CHACO,3825,4754,12218,10680,69609.0,101086.0
22028.0,CHACABUCO,CHACO,1400,1714,4114,3194,24071.0,34493.0
22036.0,12 DE OCTUBRE,CHACO,1136,1126,2851,2323,15743.0,23179.0
22039.0,2 DE ABRIL,CHACO,338,407,895,768,5902.0,8310.0
22043.0,FRAY JUSTO SANTA MARIA DE ORO,CHACO,446,522,1305,1039,7331.0,10643.0
22049.0,GENERAL BELGRANO,CHACO,640,771,1698,1470,8228.0,12807.0
22056.0,GENERAL DONOVAN,CHACO,538,747,1794,1513,10469.0,15061.0
22063.0,GENERAL GUEMES,CHACO,2996,3925,9486,7565,44457.0,68429.0
22070.0,INDEPENDENCIA,CHACO,1056,1262,3020,2776,13834.0,21948.0
22077.0,LIBERTAD,CHACO,568,714,1682,1357,9454.0,13775.0
22084.0,LIBERTADOR GENERAL SAN MARTIN,CHACO,2880,3634,8406,6903,43481.0,65304.0
22091.0,MAIPU,CHACO,1230,1471,3468,2776,17409.0,26354.0
22098.0,MAYOR LUIS J FONTANA,CHACO,2719,3161,7600,5872,40446.0,59798.0
22105.0,9 DE JULIO,CHACO,1367,1620,3572,3053,20611.0,30223.0
22112.0,O HIGGINS,CHACO,991,1099,3018,2575,13861.0,21544.0
22119.0,PRESIDENCIA DE LA PLAZA,CHACO,597,756,1853,1510,9222.0,13938.0
22126.0,1 DE MAYO,CHACO,600,760,1810,1262,9833.0,14265.0
22133.0,QUITILIPI,CHACO,1490,1678,3819,3539,21904.0,32430.0
22140.0,SAN FERNANDO,CHACO,13781,18040,45514,36791,299638.0,413764.0
22147.0,SAN LORENZO,CHACO,778,929,2119,1694,10525.0,16045.0
22154.0,SARGENTO CABRAL,CHACO,808,961,2286,1912,12729.0,18696.0
22161.0,TAPENAGA,CHACO,187,207,505,442,2710.0,4051.0
22168.0,25 DE MAYO,CHACO,1538,1763,4543,3788,20974.0,32606.0
26007.0,BIEDMA,CHUBUT,3737,4374,12244,10407,72044.0,102806.0
26014.0,CUSHAMEN,CHUBUT,851,1171,3216,2710,20151.0,28099.0
26021.0,ESCALANTE,CHUBUT,7262,9406,25207,20255,152699.0,214829.0
26028.0,FLORENTINO AMEGHINO,CHUBUT,72,103,221,157,1229.0,1782.0
26035.0,FUTALEUFU,CHUBUT,1486,2036,5702,4656,36085.0,49965.0
26042.0,GAIMAN,CHUBUT,458,540,1396,1244,8867.0,12505.0
26049.0,GASTRE,CHUBUT,31,52,108,97,893.0,1181.0
26056.0,LANGUIÑEO,CHUBUT,95,141,297,269,2060.0,2862.0
26063.0,MARTIRES,CHUBUT,21,43,74,54,552.0,744.0
26070.0,PASO DE INDIOS,CHUBUT,61,76,191,147,1407.0,1882.0
26077.0,RAWSON,CHUBUT,4615,5876,15641,13427,104861.0,144420.0
26084.0,RIO SENGUER,CHUBUT,260,305,746,517,4519.0,6347.0
26091.0,SARMIENTO,CHUBUT,575,769,1995,1510,9628.0,14477.0
26098.0,TEHUELCHES,CHUBUT,197,267,754,546,4183.0,5947.0
26105.0,TELSEN,CHUBUT,57,60,167,151,1173.0,1608.0
30008.0,COLON,ENTRE RIOS,2539,3368,8095,6808,54080.0,74890.0
30015.0,CONCORDIA,ENTRE RIOS,7953,9948,24910,19760,135032.0,197603.0
30021.0,DIAMANTE,ENTRE RIOS,1692,2155,5216,4404,38845.0,52312.0
30028.0,FEDERACION,ENTRE RIOS,3023,3853,9326,7362,54700.0,78264.0
30035.0,FEDERAL,ENTRE RIOS,1181,1448,3327,2784,20696.0,29436.0
30042.0,FELICIANO,ENTRE RIOS,636,825,2002,1752,11502.0,16717.0
30049.0,GUALEGUAY,ENTRE RIOS,1971,2558,6359,5287,40621.0,56796.0
30056.0,GUALEGUAYCHU,ENTRE RIOS,4088,5322,13745,11683,90338.0,125176.0
30063.0,ISLAS DEL IBICUY,ENTRE RIOS,564,707,1790,1491,9432.0,13984.0
30070.0,LA PAZ,ENTRE RIOS,2970,3579,9094,7510,52118.0,75271.0
30077.0,NOGOYA,ENTRE RIOS,1490,1874,4731,3961,30898.0,42954.0
30084.0,PARANA,ENTRE RIOS,11940,16035,40780,34203,285758.0,388716.0
30088.0,SAN SALVADOR,ENTRE RIOS,796,947,2487,2170,14386.0,20786.0
30091.0,TALA,ENTRE RIOS,1067,1410,3601,2963,22050.0,31091.0
30098.0,URUGUAY,ENTRE RIOS,3765,4867,12543,10989,83352.0,115516.0
30105.0,VICTORIA,ENTRE RIOS,1379,1744,4259,3629,29290.0,40301.0
30113.0,VILLAGUAY,ENTRE RIOS,2097,2582,6258,5445,38902.0,55284.0
34007.0,BERMEJO,FORMOSA,776,987,2371,1864,9602.0,15600.0
34014.0,FORMOSA,FORMOSA,9174,11953,30764,26381,190300.0,268572.0
34021.0,LAISHI,FORMOSA,743,982,2496,2230,12824.0,19275.0
34028.0,MATACOS,FORMOSA,899,1019,2539,2024,10536.0,17017.0
34035.0,PATIÑO,FORMOSA,3451,4619,11476,8864,53190.0,81600.0
34042.0,PILAGAS,FORMOSA,861,1003,2530,2118,12577.0,19089.0
34049.0,PILCOMAYO,FORMOSA,3984,4950,11883,9453,63846.0,94116.0
34056.0,PIRANE,FORMOSA,2933,3897,9417,7940,48373.0,72560.0
34063.0,RAMON LISTA,FORMOSA,1088,1333,3239,2578,9440.0,17678.0
38007.0,COCHINOCA,JUJUY,567,755,2002,1782,9892.0,14998.0
38014.0,EL CARMEN,JUJUY,4828,6190,15576,12999,82666.0,122259.0
38021.0,DOCTOR MANUEL BELGRANO,JUJUY,9742,13306,36369,29775,230277.0,319469.0
38028.0,HUMAHUACA,JUJUY,712,1040,2892,2366,13867.0,20877.0
38035.0,LEDESMA,JUJUY,3698,4449,11518,9498,64969.0,94132.0
38042.0,PALPALA,JUJUY,1945,2855,7650,6532,46540.0,65522.0
38049.0,RINCONADA,JUJUY,84,86,292,187,1148.0,1797.0
38056.0,SAN ANTONIO,JUJUY,231,308,820,617,4753.0,6729.0
38063.0,SAN PEDRO,JUJUY,2994,4211,10745,8540,61747.0,88237.0
38070.0,SANTA BARBARA,JUJUY,844,1061,2848,2152,13592.0,20497.0
38077.0,SANTA CATALINA,JUJUY,110,172,350,304,1705.0,2641.0
38084.0,SUSQUES,JUJUY,190,249,604,483,2440.0,3966.0
38094.0,TILCARA,JUJUY,437,626,1787,1565,10206.0,14621.0
38098.0,TUMBAYA,JUJUY,166,209,631,468,3824.0,5298.0
38105.0,VALLE GRANDE,JUJUY,83,111,332,273,1691.0,2490.0
38112.0,YAVI,JUJUY,1035,1332,3247,2798,17419.0,25831.0
42007.0,ATREUCO,LA PAMPA,349,420,1146,1002,8136.0,11053.0
42014.0,CALEU CALEU,LA PAMPA,84,110,325,283,1809.0,2611.0
42021.0,CAPITAL,LA PAMPA,3562,4696,12927,10902,86417.0,118504.0
42028.0,CATRILO,LA PAMPA,276,372,1019,794,5764.0,8225.0
42035.0,CONHELO,LA PAMPA,416,607,1567,1227,11277.0,15094.0
42042.0,CURACO,LA PAMPA,45,54,125,90,789.0,1103.0
42049.0,CHALILEO,LA PAMPA,71,130,354,270,2043.0,2868.0
42056.0,CHAPALEUFU,LA PAMPA,409,551,1353,1136,8828.0,12277.0
42063.0,CHICAL CO,LA PAMPA,44,66,180,163,1008.0,1461.0
42070.0,GUATRACHE,LA PAMPA,332,358,894,827,6986.0,9397.0
42077.0,HUCAL,LA PAMPA,200,286,693,617,5917.0,7713.0
42084.0,LIHUEL CALEL,LA PAMPA,17,22,52,44,293.0,428.0
42091.0,LIMAY MAHUIDA,LA PAMPA,19,14,46,24,310.0,413.0
42098.0,LOVENTUE,LA PAMPA,270,377,993,858,6745.0,9243.0
42105.0,MARACO,LA PAMPA,2311,2981,7633,6334,49808.0,69067.0
42112.0,PUELEN,LA PAMPA,481,614,1576,1178,7787.0,11636.0
42119.0,QUEMU QUEMU,LA PAMPA,268,332,825,807,6172.0,8404.0
42126.0,RANCUL,LA PAMPA,344,509,1281,1164,7792.0,11090.0
42133.0,REALICO,LA PAMPA,523,709,1924,1672,12528.0,17356.0
42140.0,TOAY,LA PAMPA,641,899,2436,1773,12178.0,17927.0
42147.0,TRENEL,LA PAMPA,186,249,580,495,4127.0,5637.0
42154.0,UTRACAN,LA PAMPA,557,764,2084,1668,12613.0,17686.0
46007.0,ARAUCO,LA RIOJA,589,764,1915,1593,11390.0,16251.0
46014.0,CAPITAL,LA RIOJA,7069,8628,23293,20533,150984.0,210507.0
46021.0,CASTRO BARROS,LA RIOJA,170,239,626,511,4264.0,5810.0
46028.0,CORONEL FELIPE VARELA,LA RIOJA,350,479,1249,1001,8292.0,11371.0
46035.0,CHAMICAL,LA RIOJA,587,720,1589,1472,11262.0,15630.0
46042.0,CHILECITO,LA RIOJA,2006,2573,7038,6402,40662.0,58681.0
46049.0,FAMATINA,LA RIOJA,214,265,757,711,5037.0,6984.0
46056.0,GENERAL ANGEL V PEÑALOZA,LA RIOJA,117,138,392,296,2241.0,3184.0
46063.0,GENERAL BELGRANO,LA RIOJA,275,346,784,728,5482.0,7615.0
46070.0,GENERAL JUAN F QUIROGA,LA RIOJA,150,187,406,417,2853.0,4013.0
46077.0,GENERAL LAMADRID,LA RIOJA,72,86,191,187,1349.0,1885.0
46084.0,GENERAL OCAMPO,LA RIOJA,269,298,765,696,5319.0,7347.0
46091.0,GENERAL SAN MARTIN,LA RIOJA,172,222,643,550,3430.0,5017.0
46098.0,VINCHINA,LA RIOJA,108,116,294,257,1920.0,2695.0
46105.0,INDEPENDENCIA,LA RIOJA,98,111,291,257,1642.0,2399.0
46112.0,ROSARIO VERA PEÑALOZA,LA RIOJA,565,745,1900,1616,10938.0,15764.0
46119.0,SAN BLAS DE LOS SAUCES,LA RIOJA,151,194,501,422,3038.0,4306.0
46126.0,SANAGASTA,LA RIOJA,106,124,361,270,2133.0,2994.0
50007.0,CAPITAL,MENDOZA,3726,4557,11563,9394,94475.0,123715.0
50014.0,GENERAL ALVEAR,MENDOZA,1809,2260,6260,4846,37204.0,52379.0
50021.0,GODOY CRUZ,MENDOZA,5833,7559,19838,16701,144626.0,194557.0
50028.0,GUAYMALLEN,MENDOZA,10918,14431,36996,29798,228728.0,320871.0
50035.0,JUNIN,MENDOZA,1587,2075,5299,4319,33192.0,46472.0
50042.0,LA PAZ,MENDOZA,444,574,1499,1108,8393.0,12018.0
50049.0,LAS HERAS,MENDOZA,8397,11303,28992,23685,161462.0,233839.0
50056.0,LAVALLE,MENDOZA,1959,2567,6674,5019,30867.0,47086.0
50063.0,LUJAN DE CUYO,MENDOZA,6056,7858,20822,17463,119684.0,171883.0
50070.0,MAIPU,MENDOZA,7948,10215,26442,21528,152754.0,218887.0
50077.0,MALARGUE,MENDOZA,1182,1629,4345,3426,22014.0,32596.0
50084.0,RIVADAVIA,MENDOZA,2312,2949,7683,6036,44609.0,63589.0
50091.0,SAN CARLOS,MENDOZA,1514,1961,5109,4018,27150.0,39752.0
50098.0,SAN MARTIN,MENDOZA,5122,6520,17257,13262,97245.0,139406.0
50105.0,SAN RAFAEL,MENDOZA,7467,9770,24756,19958,151253.0,213204.0
50112.0,SANTA ROSA,MENDOZA,771,994,2509,1897,13208.0,19379.0
50119.0,TUNUYAN,MENDOZA,2267,2891,7833,6153,40828.0,59972.0
50126.0,TUPUNGATO,MENDOZA,1685,2125,5685,4481,27192.0,41168.0
54007.0,APOSTOLES,MISIONES,2441,2821,6783,5453,33005.0,50503.0
54014.0,CAINGUAS,MISIONES,3043,3382,8762,6766,37922.0,59875.0
54021.0,CANDELARIA,MISIONES,1789,1969,4979,3937,22271.0,34945.0
54028.0,CAPITAL,MISIONES,14503,18639,47460,37696,273200.0,391498.0
54035.0,CONCEPCION,MISIONES,518,569,1384,1152,6680.0,10303.0
54042.0,ELDORADO,MISIONES,3997,4724,12100,9635,60677.0,91133.0
54049.0,GENERAL MANUEL BELGRANO,MISIONES,2541,2917,6918,5169,27911.0,45456.0
54056.0,GUARANI,MISIONES,4153,4649,11433,8836,48004.0,77075.0
54063.0,IGUAZU,MISIONES,4872,5769,14290,10929,63978.0,99838.0
54070.0,LEANDRO N. ALEM,MISIONES,1940,2490,6082,4879,34000.0,49391.0
54077.0,LIBERTADOR GENERAL SAN MARTIN,MISIONES,2358,2869,6927,5525,34487.0,52166.0
54084.0,MONTECARLO,MISIONES,1664,2010,5313,4258,25375.0,38620.0
54091.0,OBERA,MISIONES,5347,6333,16152,12528,80343.0,120703.0
54098.0,SAN IGNACIO,MISIONES,3025,3473,8670,6716,41310.0,63194.0
54105.0,SAN JAVIER,MISIONES,1104,1242,3294,2470,14970.0,23080.0
54112.0,SAN PEDRO,MISIONES,2196,2266,5727,4161,20340.0,34690.0
54119.0,25 DE MAYO,MISIONES,1651,1718,4288,3286,19934.0,30877.0
58007.0,ALUMINE,NEUQUEN,381,497,1208,1021,7066.0,10173.0
58014.0,AÑELO,NEUQUEN,884,1024,2480,1881,11881.0,18150.0
58021.0,CATAN LIL,NEUQUEN,82,138,368,258,1795.0,2641.0
58028.0,COLLON CURA,NEUQUEN,143,217,535,461,3476.0,4832.0
58035.0,CONFLUENCIA,NEUQUEN,14973,19766,52500,42174,337804.0,467217.0
58042.0,CHOS MALAL,NEUQUEN,564,734,2162,1701,13128.0,18289.0
58049.0,HUILICHES,NEUQUEN,711,1002,2530,1973,14637.0,20853.0
58056.0,LACAR,NEUQUEN,1147,1654,4460,3818,28488.0,39567.0
58063.0,LONCOPUE,NEUQUEN,280,395,927,729,5365.0,7696.0
58070.0,LOS LAGOS,NEUQUEN,481,655,1861,1466,11039.0,15502.0
58077.0,MINAS,NEUQUEN,269,468,1061,831,6638.0,9267.0
58084.0,ÑORQUIN,NEUQUEN,171,269,646,522,3964.0,5572.0
58091.0,PEHUENCHES,NEUQUEN,1140,1538,4093,3242,19708.0,29721.0
58098.0,PICUN LEUFU,NEUQUEN,169,222,631,445,3620.0,5087.0
58105.0,PICUNCHES,NEUQUEN,297,424,1097,793,5860.0,8471.0
58112.0,ZAPALA,NEUQUEN,1395,2031,5480,4533,32101.0,45540.0
62007.0,ADOLFO ALSINA,RIO NEGRO,1919,2598,7124,6046,46158.0,63845.0
62014.0,AVELLANEDA,RIO NEGRO,1469,1938,4940,4126,28687.0,41160.0
62021.0,BARILOCHE,RIO NEGRO,4866,6400,17315,13885,118977.0,161443.0
62028.0,CONESA,RIO NEGRO,260,345,840,630,5323.0,7398.0
62035.0,EL CUY,RIO NEGRO,236,309,901,675,4839.0,6960.0
62042.0,GENERAL ROCA,RIO NEGRO,12942,16354,43425,35515,271391.0,379627.0
62049.0,9 DE JULIO,RIO NEGRO,142,132,408,321,2679.0,3682.0
62056.0,ÑORQUINCO,RIO NEGRO,50,63,141,127,1071.0,1452.0
62063.0,PICHI MAHUIDA,RIO NEGRO,546,798,1943,1439,11767.0,16493.0
62070.0,PILCANIYEU,RIO NEGRO,262,336,1107,821,6783.0,9309.0
62077.0,SAN ANTONIO,RIO NEGRO,1238,1492,4166,3416,25161.0,35473.0
62084.0,VALCHETA,RIO NEGRO,154,183,457,367,3139.0,4300.0
62091.0,25 DE MAYO,RIO NEGRO,560,793,1877,1607,11718.0,16555.0
66007.0,ANTA,SALTA,3425,3627,9429,7601,45360.0,69442.0
66014.0,CACHI,SALTA,373,459,1236,883,5977.0,8928.0
66021.0,CAFAYATE,SALTA,626,804,2378,1887,12127.0,17822.0
66028.0,CAPITAL,SALTA,20651,27161,72054,59245,444892.0,624003.0
66035.0,CERRILLOS,SALTA,2358,2984,8047,6079,36245.0,55713.0
66042.0,CHICOANA,SALTA,932,1137,3014,2568,17064.0,24715.0
66049.0,GENERAL GUEMES,SALTA,2159,2699,6917,5526,38445.0,55746.0
66056.0,GENERAL JOSE DE SAN MARTIN,SALTA,9021,10488,25874,20452,111613.0,177448.0
66063.0,GUACHIPAS,SALTA,129,185,403,332,2442.0,3491.0
66070.0,IRUYA,SALTA,290,386,930,785,3725.0,6116.0
66077.0,LA CALDERA,SALTA,419,547,1430,1076,8774.0,12246.0
66084.0,LA CANDELARIA,SALTA,253,343,904,755,4927.0,7182.0
66091.0,LA POMA,SALTA,68,99,260,234,1128.0,1789.0
66098.0,LA VIÑA,SALTA,336,424,1108,909,6111.0,8888.0
66105.0,LOS ANDES,SALTA,380,495,1130,923,4254.0,7182.0
66112.0,METAN,SALTA,1944,2382,5695,4488,33519.0,48028.0
66119.0,MOLINOS,SALTA,214,302,837,706,3749.0,5808.0
66126.0,ORAN,SALTA,7706,8945,22746,18047,102271.0,159715.0
66133.0,RIVADAVIA,SALTA,2397,2651,6427,4929,21658.0,38062.0
66140.0,ROSARIO DE LA FRONTERA,SALTA,1336,1630,4146,3302,23336.0,33750.0
66147.0,ROSARIO DE LERMA,SALTA,2067,2668,6604,5208,34414.0,50961.0
66154.0,SAN CARLOS,SALTA,288,386,1102,812,5191.0,7779.0
66161.0,SANTA VICTORIA,SALTA,385,524,1436,1218,5848.0,9411.0
70007.0,ALBARDON,SAN JUAN,1390,1568,4253,3543,20527.0,31281.0
70014.0,ANGACO,SAN JUAN,450,519,1380,1164,6659.0,10172.0
70021.0,CALINGASTA,SAN JUAN,498,606,1476,1116,6971.0,10667.0
70028.0,CAPITAL,SAN JUAN,3585,4264,10619,9248,87133.0,114849.0
70035.0,CAUCETE,SAN JUAN,2007,2312,5636,5029,29033.0,44017.0
70042.0,CHIMBAS,SAN JUAN,4463,5416,13494,11469,68930.0,103772.0
70049.0,IGLESIA,SAN JUAN,390,429,1084,908,6015.0,8826.0
70056.0,JACHAL,SAN JUAN,987,1168,2781,2398,17935.0,25269.0
70063.0,9 DE JULIO,SAN JUAN,566,729,1704,1390,8109.0,12498.0
70070.0,POCITO,SAN JUAN,3266,4016,10435,8555,46607.0,72879.0
70077.0,RAWSON,SAN JUAN,5402,6557,16891,14120,93612.0,136582.0
70084.0,RIVADAVIA,SAN JUAN,3686,4713,11692,9610,71633.0,101334.0
70091.0,SAN MARTIN,SAN JUAN,750,836,2165,1718,9568.0,15037.0
70098.0,SANTA LUCIA,SAN JUAN,2460,3160,7756,6279,43042.0,62697.0
70105.0,SARMIENTO,SAN JUAN,1279,1597,3853,3304,17155.0,27188.0
70112.0,ULLUM,SAN JUAN,257,357,864,704,4272.0,6454.0
70119.0,VALLE FERTIL,SAN JUAN,358,414,963,801,5889.0,8425.0
70126.0,25 DE MAYO,SAN JUAN,1009,1285,2998,2605,12927.0,20824.0
70133.0,ZONDA,SAN JUAN,317,362,881,729,4385.0,6674.0
74007.0,AYACUCHO,SAN LUIS,916,1087,2770,2471,16409.0,23653.0
74014.0,BELGRANO,SAN LUIS,184,260,651,545,3935.0,5575.0
74021.0,CORONEL PRINGLES,SAN LUIS,544,636,1710,1641,11513.0,16044.0
74028.0,CHACABUCO,SAN LUIS,838,1108,2742,2612,19222.0,26522.0
74035.0,GENERAL PEDERNERA,SAN LUIS,5399,6523,17217,15346,104186.0,148671.0
74042.0,GOBERNADOR DUPUY,SAN LUIS,577,706,1708,1593,9750.0,14334.0
74049.0,JUNIN,SAN LUIS,1258,1567,4272,3956,29236.0,40289.0
74056.0,GENERAL JUAN MARTIN DE PUEYRREDON,SAN LUIS,8969,10712,28921,27055,185112.0,260769.0
74063.0,LIBERTADOR GENERAL SAN MARTIN,SAN LUIS,140,187,445,444,3475.0,4691.0
78007.0,CORPEN AIKE,SANTA CRUZ,635,821,1949,1497,10133.0,15035.0
78014.0,DESEADO,SANTA CRUZ,4603,6113,16156,13468,85926.0,126266.0
78021.0,GUER AIKE,SANTA CRUZ,4428,6145,16392,13731,96613.0,137309.0
78028.0,LAGO ARGENTINO,SANTA CRUZ,849,1331,3312,2596,17296.0,25384.0
78035.0,LAGO BUENOS AIRES,SANTA CRUZ,546,752,1616,1174,8496.0,12584.0
78042.0,MAGALLANES,SANTA CRUZ,485,625,1739,1324,8655.0,12828.0
78049.0,RIO CHICO,SANTA CRUZ,232,353,874,653,4159.0,6271.0
82007.0,BELGRANO,SANTA FE,1629,1968,4903,4293,35751.0,48544.0
82014.0,CASEROS,SANTA FE,2781,3185,8294,7108,64893.0,86261.0
82021.0,CASTELLANOS,SANTA FE,6750,8342,20593,17437,136342.0,189464.0
82028.0,CONSTITUCION,SANTA FE,3114,3679,9370,8501,68336.0,93000.0
82035.0,GARAY,SANTA FE,1130,1219,2920,2238,17346.0,24853.0
82042.0,GENERAL LOPEZ,SANTA FE,6703,8181,20764,17525,147282.0,200455.0
82049.0,GENERAL OBLIGADO,SANTA FE,7795,9407,22397,19095,138839.0,197533.0
82056.0,IRIONDO,SANTA FE,2604,3138,7768,6189,53937.0,73636.0
82063.0,LA CAPITAL,SANTA FE,18846,24091,60178,51318,413826.0,568259.0
82070.0,LAS COLONIAS,SANTA FE,3858,4661,11728,10201,84282.0,114730.0
82077.0,9 DE JULIO,SANTA FE,1256,1464,3636,3285,21301.0,30942.0
82084.0,ROSARIO,SANTA FE,44165,53739,136909,111326,991819.0,1337958.0
82091.0,SAN CRISTOBAL,SANTA FE,2631,3275,8274,6990,51423.0,72593.0
82098.0,SAN JAVIER,SANTA FE,1454,1622,4011,3004,23089.0,33180.0
82105.0,SAN JERONIMO,SANTA FE,2940,3767,9086,7615,61209.0,84617.0
82112.0,SAN JUSTO,SANTA FE,1714,2052,5112,4294,33314.0,46486.0
82119.0,SAN LORENZO,SANTA FE,7289,9067,22850,17689,136891.0,193786.0
82126.0,SAN MARTIN,SANTA FE,2333,2844,7148,5857,49117.0,67299.0
82133.0,VERA,SANTA FE,2213,2772,6546,5536,38396.0,55463.0
86007.0,AGUIRRE,SANTIAGO DEL ESTERO,370,434,1064,941,6150.0,8959.0
86014.0,ALBERDI,SANTIAGO DEL ESTERO,1114,1184,2854,2369,12583.0,20104.0
86021.0,ATAMISQUI,SANTIAGO DEL ESTERO,698,822,2168,1880,9326.0,14894.0
86028.0,AVELLANEDA,SANTIAGO DEL ESTERO,1277,1481,3527,3231,15946.0,25462.0
86035.0,BANDA,SANTIAGO DEL ESTERO,7054,9064,21600,17110,115573.0,170401.0
86042.0,BELGRANO,SANTIAGO DEL ESTERO,448,585,1293,1074,7409.0,10809.0
86049.0,CAPITAL,SANTIAGO DEL ESTERO,11212,15140,37231,30377,234864.0,328824.0
86056.0,COPO,SANTIAGO DEL ESTERO,1784,2124,4966,4367,22412.0,35653.0
86063.0,CHOYA,SANTIAGO DEL ESTERO,1675,2071,5276,4520,30150.0,43692.0
86070.0,FIGUEROA,SANTIAGO DEL ESTERO,944,1183,2803,2471,12845.0,20246.0
86077.0,GENERAL TABOADA,SANTIAGO DEL ESTERO,2219,2553,6042,5394,30096.0,46304.0
86084.0,GUASAYAN,SANTIAGO DEL ESTERO,406,494,1095,941,6315.0,9251.0
86091.0,JIMENEZ,SANTIAGO DEL ESTERO,867,980,2376,2055,12344.0,18622.0
86098.0,JUAN F IBARRA,SANTIAGO DEL ESTERO,1013,1139,3004,2585,12826.0,20567.0
86105.0,LORETO,SANTIAGO DEL ESTERO,1088,1155,3051,2561,16192.0,24047.0
86112.0,MITRE,SANTIAGO DEL ESTERO,50,62,143,160,1025.0,1440.0
86119.0,MORENO,SANTIAGO DEL ESTERO,2167,2441,5635,5178,24931.0,40352.0
86126.0,OJO DE AGUA,SANTIAGO DEL ESTERO,634,758,1714,1633,10269.0,15008.0
86133.0,PELLEGRINI,SANTIAGO DEL ESTERO,1214,1418,3634,2937,16990.0,26193.0
86140.0,QUEBRACHOS,SANTIAGO DEL ESTERO,545,741,1585,1324,8141.0,12336.0
86147.0,RIO HONDO,SANTIAGO DEL ESTERO,2939,3438,8569,6856,44835.0,66637.0
86154.0,RIVADAVIA,SANTIAGO DEL ESTERO,226,261,649,539,3639.0,5314.0
86161.0,ROBLES,SANTIAGO DEL ESTERO,2476,2959,7173,5982,35289.0,53879.0
86168.0,SALAVINA,SANTIAGO DEL ESTERO,628,666,1746,1654,8081.0,12775.0
86175.0,SAN MARTIN,SANTIAGO DEL ESTERO,573,610,1602,1480,6918.0,11183.0
86182.0,SARMIENTO,SANTIAGO DEL ESTERO,247,286,722,624,3155.0,5034.0
86189.0,SILIPICA,SANTIAGO DEL ESTERO,397,464,1173,1076,6656.0,9766.0
90007.0,BURRUYACU,TUCUMAN,1999,2331,6034,4942,30153.0,45459.0
90014.0,CRUZ ALTA,TUCUMAN,9413,11658,29374,23883,153360.0,227688.0
90021.0,CHICLIGASTA,TUCUMAN,3448,4203,10719,8977,64961.0,92308.0
90028.0,FAMAILLA,TUCUMAN,1917,2322,5489,4607,28334.0,42669.0
90035.0,GRANEROS,TUCUMAN,634,800,1880,1613,10612.0,15539.0
90042.0,JUAN B ALBERDI,TUCUMAN,1322,1586,4124,3462,24251.0,34745.0
90049.0,LA COCHA,TUCUMAN,902,992,2557,2282,14463.0,21196.0
90056.0,LEALES,TUCUMAN,2589,3089,7892,6716,46066.0,66352.0
90063.0,LULES,TUCUMAN,3825,4717,12694,9951,62277.0,93464.0
90070.0,MONTEROS,TUCUMAN,2944,3579,9280,7910,53756.0,77469.0
90077.0,RIO CHICO,TUCUMAN,2514,3011,7740,6483,45179.0,64927.0
90084.0,CAPITAL,TUCUMAN,19628,24461,60342,50598,432260.0,587289.0
90091.0,SIMOCA,TUCUMAN,1423,1709,4427,3591,25796.0,36946.0
90098.0,TAFI DEL VALLE,TUCUMAN,818,1010,2606,2135,15813.0,22382.0
90105.0,TAFI VIEJO,TUCUMAN,6557,8495,21744,17829,118252.0,172877.0
90112.0,TRANCAS,TUCUMAN,1022,1163,2854,2478,15921.0,23438.0
90119.0,YERBA BUENA,TUCUMAN,3731,4689,11860,10036,72273.0,102589.0
94008.0,,,3316,4771,11816,9779,69240.0,98922.0
94011.0,TOLHUIN,TIERRA DEL FUEGO,259,322,832,662,3952.0,6027.0
